,repository_name,language
0,,
1,Java,Java
2,C,C
3,Python,Python
4,Java,Java
5,Python,Python
6,Groovy,Groovy
7,Java,Java
8,Scala,Scala
9,Python,Python
10,Shell,Shell
11,Groovy,Groovy
12,Ruby,Ruby
13,Ruby,Ruby
14,C,C
15,Go,Go
16,JavaScript,JavaScript
17,Python,Python
18,Java,Java
19,Python,Python
20,C++,C++
21,Java,Java
22,Go,Go
23,,
24,Python,Python
25,Python,Python
26,Java,Java
27,Java,Java
28,Java,Java
29,Python,Python
30,JavaScript,JavaScript
31,Python,Python
32,Java,Java
33,Java,Java
34,Java,Java
35,HTML,HTML
36,Kotlin,Kotlin
37,Java,Java
38,Java,Java
39,Java,Java
40,Kotlin,Kotlin
41,Kotlin,Kotlin
42,Java,Java
43,Kotlin,Kotlin
44,Kotlin,Kotlin
45,Kotlin,Kotlin
46,C,C
47,Python,Python
48,Shell,Shell
49,Java,Java
50,Java,Java
51,C,C
52,Java,Java
53,Python,Python
54,Java,Java
55,,
56,Scala,Scala
57,Java,Java
58,JavaScript,JavaScript
59,JavaScript,JavaScript
60,JavaScript,JavaScript
61,JavaScript,JavaScript
62,Shell,Shell
63,JavaScript,JavaScript
64,Java,Java
65,JavaScript,JavaScript
66,Java,Java
67,Java,Java
68,JavaScript,JavaScript
69,JavaScript,JavaScript
70,JavaScript,JavaScript
71,HTML,HTML
72,JavaScript,JavaScript
73,HTML,HTML
74,JavaScript,JavaScript
75,JavaScript,JavaScript
76,JavaScript,JavaScript
77,JavaScript,JavaScript
78,JavaScript,JavaScript
79,JavaScript,JavaScript
80,HTML,HTML
81,JavaScript,JavaScript
82,JavaScript,JavaScript
83,Ruby,Ruby
84,Java,Java
85,C#,C#
86,Python,Python
87,Java,Java
88,Java,Java
89,Groovy,Groovy
90,C,C
91,Go,Go
92,Go,Go
93,Go,Go
94,Java,Java
95,Java,Java
96,Go,Go
97,Java,Java
98,Java,Java
99,Python,Python
100,Java,Java
101,Java,Java
102,Python,Python
103,Java,Java
104,,
105,Python,Python
106,JavaScript,JavaScript
107,Java,Java
108,Python,Python
109,Python,Python
110,Rust,Rust
111,JavaScript,JavaScript
112,Java,Java
113,Java,Java
114,Java,Java
115,JavaScript,JavaScript
116,Java,Java
117,Java,Java
118,Java,Java
119,Groovy,Groovy
120,Smarty,Smarty
121,Clojure,Clojure
122,Java,Java
123,,
124,Java,Java
125,TypeScript,TypeScript
126,Jupyter Notebook,Jupyter Notebook
127,Java,Java
128,Python,Python
129,JavaScript,JavaScript
130,Python,Python
131,Python,Python
132,Python,Python
133,HCL,HCL
134,TypeScript,TypeScript
135,Go,Go
136,C++,C++
137,HTML,HTML
138,JavaScript,JavaScript
139,Java,Java
140,Java,Java
141,HTML,HTML
142,,
143,TypeScript,TypeScript
144,,
145,Python,Python
146,C++,C++
147,Java,Java
148,Java,Java
149,Python,Python
150,Python,Python
151,Python,Python
152,Python,Python
153,Python,Python
154,Scala,Scala
155,,
156,Go,Go
157,Java,Java
158,Clojure,Clojure
159,JavaScript,JavaScript
160,HTML,HTML
161,Java,Java
162,Java,Java
163,TypeScript,TypeScript
164,Python,Python
165,JavaScript,JavaScript
166,Java,Java
167,Java,Java
168,Java,Java
169,C,C
170,Java,Java
171,Go,Go
172,Go,Go
173,Go,Go
174,Python,Python
175,Ruby,Ruby
176,Java,Java
177,Java,Java
178,Java,Java
179,Java,Java
180,,
181,Python,Python
182,Java,Java
183,R,R
184,Go,Go
185,Java,Java
186,Dockerfile,Dockerfile
187,Scala,Scala
188,Java,Java
189,C++,C++
190,Go,Go
191,Go,Go
192,TypeScript,TypeScript
193,Python,Python
194,Python,Python
195,Ruby,Ruby
196,Java,Java
197,Python,Python
198,Java,Java
199,Java,Java
200,C,C
201,C,C
202,,
203,,
204,Makefile,Makefile
205,Java,Java
206,Go,Go
207,Go,Go
208,JavaScript,JavaScript
209,JavaScript,JavaScript
210,Java,Java
211,JavaScript,JavaScript
212,R,R
213,JavaScript,JavaScript
214,D,D
215,Jupyter Notebook,Jupyter Notebook
216,Go,Go
217,JavaScript,JavaScript
218,JavaScript,JavaScript
219,JavaScript,JavaScript
220,JavaScript,JavaScript
221,C,C
222,,
223,Python,Python
224,,
225,JavaScript,JavaScript
226,Go,Go
227,Ruby,Ruby
228,JavaScript,JavaScript
229,JavaScript,JavaScript
230,JavaScript,JavaScript
231,JavaScript,JavaScript
232,Java,Java
233,Java,Java
